Paso_ID,Fase,Variables_Afectadas,Problema_Detectado,Metodo_Aplicado,Metrica_Antes,Metrica_Despues,Decision_Tomada
LIM-01,Filtrado de Universo,"condact, s04b_12","El dataset contiene población no económicamente activa, desocupados y cuentapropistas ajenos a la relación salarial empleado-empleador.",Filtrado estricto condact == 1 (Ocupados) & s04b_12 == 1 (Asalariados/Obreros dependientes).,39497 registros (100% del censo muestral),6951 registros asalariados (17.60% del total),Aislar la subpoblación de empleados dependientes con empleador identifiable para modelado específico.
LIM-02,Consistencia Legal,s01a_03 (Edad),"Existen 26 menores de 15 años (edad 10-14) registrados como asalariados, distorsionando la relación contractual formal.",Filtrado s01a_03 >= 15 conforme al marco normativo de edad mínima laboral OIT/Bolivia.,"6951 registros (Edad: Min 10, Max 84)","6925 registros (Edad: Min 15, Max 84)",Excluir menores de 15 años del modelado de relaciones formales de empleo.
LIM-03,Consistencia Lógica,"aestudio, s01a_03",5 registros presentaban años de escolaridad incompatibles con su edad cronológica (aestudio > edad - 5).,"Ajuste lógico determinístico: aestudio = min(aestudio, edad - 6).",5 inconsistencias lógicas detectadas (Máx aestudio = 23),0 inconsistencias lógicas (Máx aestudio = 23),Preservar los registros ajustando la escolaridad acumulada máxima teórica.
LIM-04,Tratamiento de Outliers de Jornada,"phrs, s04b_15, s04b_16aa",Valores físicamente inverosímiles de hasta 168 h/semana (71 casos con > 84 h/sem) y horas diarias de hasta 24h.,Recalibración con producto (días x horas_día) y Capping superior estricto a 84 h/semana (piso de 4 h/sem).,"Máx: 168.0 h/sem, Media: 44.03 h/sem, Casos >84h: 71","Máx: 84.0 h/sem, Media: 43.88 h/sem, Casos >84h: 0",Eliminar distorsiones extremas en la intensidad horaria preservando la información del trabajador.
LIM-05,Imputación de Valores Faltantes,yprilab,2 registros con ingreso laboral de ocupación principal no reportado (NA).,"Imputación por donante de grupo homogéneo basado en la mediana condicional por Sexo, Nivel Educativo y Sector del Empleador.",2 valores nulos (0.029% de la muestra asalariada),0 valores nulos (0.00%),Imputar ingresos faltantes respetando la estructura de compensación de grupos similares.
LIM-06,Tratamiento de Outliers e Ingeniería Salarial,"salario_mensual_winsor, salario_hora, log_salario_mensual",Asimetría extrema en salarios (Rango original: 129.9 Bs a 30310.0 Bs). 111 casos superaban el límite superior de Tukey.,"Winsorización a percentiles robustos (p0.5 y p99.5), normalización horaria (salario/hora) y transformación logarítmica log(x).","Min: 129.9 Bs, Max: 30310.0 Bs, Media: 3929.6 Bs, SD: 2641.7 Bs","Min: 432.6 Bs, Max: 16553.3 Bs, Media: 3906.1 Bs, SD: 2485.3 Bs (Distribución Log-Normal)",Estabilizar la varianza para modelos de regresión y distancias de clustering evitando distorsiones por valores atípicos.
LIM-07,Tipado y Estandarización,"sexo, area_urb_rur, departamento, nivel_educativo, sector_empleador, grupo_etario",Variables clave almacenadas como códigos numéricos arbitrarios sin metadatos semánticos explícitos.,Conversión a factores de R con niveles explícitos y nomenclatura estandarizada en español sin caracteres conflictivos.,"6 variables numéricas enteras ambiguas (1, 2, 3...)",6 factores estructurados con etiquetas legibles y niveles ordenados.,"Garantizar interpretabilidad directa en matrices de modelado, tablas e informes."
LIM-08,Ingeniería de Atributos: Empleador,"estrato_empresa, rama_actividad, grupo_ocupacional, tamano_empresa_num",El tamaño de empresa y las clasificaciones sectoriales CAEB/COB desagregadas tenían cientos de categorías dispersas de baja frecuencia.,"Construcción de estratos empresariales estándar de política pública (Micro, Pequeña, Mediana, Gran Empresa) y agrupamiento sectorial CAEB/COB armonizado.","Variables crudas s04b_14 (rango 1 a 3000), caeb_op (20 categorías dispersas) y cob_op.",3 factores estructurados con granularidad analítica balanceada y variable continua acotada.,Capturar la escala del empleador y el contexto sectorial para predicción de calidad laboral.
LIM-09,Ingeniería de Atributos: Empleado,"experiencia_potencial, antiguedad_anos, sobrejornada, jornada_tipo, salario_subminimo","Ausencia de variables explícitas de capital humano dinámico (Mincer), intensidad laboral y cumplimiento del salario mínimo legal.","Cálculo de experiencia potencial (Edad - Escolaridad - 6), término cuadrático, antigüedad acotada y tipología de jornada laboral.",Variables brutas dispersas sin cálculo de ratios ni indicadores normativos.,"Variables calculadas de experiencia, antigüedad, ratio SMN y banderas de sobrejornada y subsalario.",Proporcionar variables fundamentales de la teoría económica laboral para modelado predictivo.
LIM-10,Construcción de Targets,"formalidad_laboral, score_calidad_empleo, formalidad_amplia",El dataset no incluía una variable sintética binaria o de score para predecir la condición de formalidad contractual del empleado.,Construcción del estándar OIT de formalidad asalariada (seguro de salud patronal) y score de calidad laboral (0-3 beneficios de ley).,"Preguntas dispersas de beneficios individuales (s04c_20a_1, s04c_20a_2, s04e_25).","Target binario 'formalidad_laboral' (39.99% formal, 60.01% informal) y target ordinal 'score_calidad_empleo'.",Definir las variables dependientes clave para la minería predictiva de clasificación y regresión.
LIM-11,Normalización y Escalado,"edad_z, aestudio_z, experiencia_z, antiguedad_z, phrs_z, tamano_empresa_z, salario_hora_z","Variables continuas en escalas muy dispares (años vs horas vs salario en miles), sesgando algoritmos basados en distancias (KNN, SVM, K-Means, Redes).","Estandarización Z-score (media = 0, desv_est = 1) tras estabilización logarítmica de variables de escala.",Variables en unidades físicas heterogéneas con varianzas desproporcionadas.,Variables escaladas con media 0.00 y desviación estándar 1.00.,Asegurar compatibilidad matemática para modelos de Minería de Datos lineales y no paramétricos.
LIM-12,Partición de Modelado,split_particion,Riesgo de fuga de información (data leakage) y sesgo de evaluación si no se aísla un conjunto de prueba independiente.,Partición aleatoria estratificada 80% Entrenamiento (Train) y 20% Validación (Test) con semilla fijada (2026).,6925 registros sin asignación de partición de modelado.,"Train: 5540 registros (39.86% formal), Test: 1385 registros (40.51% formal).",Garantizar una evaluación insesgada y replicable de los modelos de Minería de Datos.
